,estimates,duration
0,10,31.869863013698634
1,15,38.56506849315069
2,23,49.27739726027397
3,35,65.3458904109589
4,41,73.38013698630138
5,45,78.73630136986301
6,54,90.78767123287672
7,34,64.00684931506851
8,47,81.41438356164385
9,23,49.27739726027397
10,90,138.99315068493152
11,86,133.63698630136986
12,71,113.5513698630137
